温度层别,厚度层别,长度层别,宽度上限,宽度下限,钢种层别,,,初始辊速,加速度,水量1,水量2,水量3,水量4,水比1,水比2,水比3,水比4,边腔水比1,边腔水比2,边腔水比3,边腔水比4,初始冷却时间,C水量下限,C水量上限
1,1,2,4100,1000,0,,,2,0.012,70,70,70,70,1.7,1.7,1.7,1.7,0.35,0.35,0.35,0.35,0.6,65,75
1,2,2,4100,1000,0,,,2,0.01,70,70,70,70,1.7,1.7,1.7,1.7,0.35,0.35,0.35,0.35,0.6,65,75
1,3,2,4100,1000,0,,,2,0.009,70,70,70,70,1.7,1.7,1.7,1.7,0.35,0.35,0.35,0.35,1,65,75
1,4,2,4100,1000,0,,,2,0.008,70,70,70,70,1.7,1.7,1.7,1.7,0.35,0.35,0.35,0.35,7,65,75
1,5,2,4100,1000,0,,,1.8,0.007,70,70,70,70,1.8,1.8,1.8,1.8,0.35,0.35,0.35,0.35,7,65,75
1,6,2,4100,1000,0,,,1.8,0.006,70,70,70,70,1.8,1.8,1.8,1.8,0.35,0.35,0.35,0.35,13,65,75
1,7,2,4100,1000,0,,,1.8,0.005,80,80,80,80,1.8,1.8,1.8,1.8,0.35,0.35,0.35,0.35,15,75,85
1,8,2,4100,1000,0,,,1.8,0.004,80,80,80,80,1.9,1.9,1.9,1.9,0.35,0.35,0.35,0.35,15,75,85
1,9,2,4100,1000,0,,,1.5,0.003,80,80,80,80,1.9,1.9,1.9,1.9,0.35,0.35,0.35,0.35,15,75,85
1,10,2,4100,1000,0,,,1.5,0.003,70,70,70,70,2,2,2,2,0.35,0.35,0.35,0.35,15,65,75
1,11,2,4100,1000,0,,,1.5,0.003,70,70,70,70,2,2,2,2,0.35,0.35,0.35,0.35,15,65,75
1,12,2,4100,1000,0,,,1.5,0.002,70,70,70,70,2,2,2,2,0.35,0.35,0.35,0.35,15,65,75
1,13,2,4100,1000,0,,,1.5,0.002,70,70,70,70,2,2,2,2,0.35,0.35,0.35,0.35,15,65,75
1,14,2,4100,1000,0,,,1.5,0,70,70,70,70,2,2,2,2,0.35,0.35,0.35,0.35,15,65,75
1,15,2,4100,1000,0,,,1.5,0,70,70,70,70,2,2,2,2,0.35,0.35,0.35,0.35,15,65,75
2,1,2,4100,1000,0,,,2,0.012,70,70,70,70,1.7,1.7,1.7,1.7,0.35,0.35,0.35,0.35,15,65,75
2,2,2,4100,1000,0,,,2,0.01,70,70,70,70,1.7,1.7,1.7,1.7,0.35,0.35,0.35,0.35,15,65,75
2,3,2,4100,1000,0,,,2,0.009,70,70,70,70,1.7,1.7,1.7,1.7,0.35,0.35,0.35,0.35,1,65,75
2,4,2,4100,1000,0,,,2,0.008,70,70,70,70,1.7,1.7,1.7,1.7,0.35,0.35,0.35,0.35,1.5,65,75
2,5,2,4100,1000,0,,,1.8,0.007,70,70,70,70,1.8,1.8,1.8,1.8,0.35,0.35,0.35,0.35,2,65,75
2,6,2,4100,1000,0,,,1.8,0.006,70,70,70,70,1.8,1.8,1.8,1.8,0.35,0.35,0.35,0.35,8,65,75
2,7,2,4100,1000,0,,,1.8,0.005,80,80,80,80,1.8,1.8,1.8,1.8,0.35,0.35,0.35,0.35,8,75,85
2,8,2,4100,1000,0,,,1.8,0.004,80,80,80,80,1.9,1.9,1.9,1.9,0.35,0.35,0.35,0.35,14,75,85
2,9,2,4100,1000,0,,,1.5,0.003,80,80,80,80,1.9,1.9,1.9,1.9,0.35,0.35,0.35,0.35,15,75,85
2,10,2,4100,1000,0,,,1.5,0.003,70,70,70,70,2,2,2,2,0.35,0.35,0.35,0.35,15,65,75
2,11,2,4100,1000,0,,,1.5,0.003,70,70,70,70,2,2,2,2,0.35,0.35,0.35,0.35,15,65,75
2,12,2,4100,1000,0,,,1.5,0.002,70,70,70,70,2,2,2,2,0.35,0.35,0.35,0.35,15,65,75
2,13,2,4100,1000,0,,,1.5,0.002,70,70,70,70,2,2,2,2,0.35,0.35,0.35,0.35,15,65,75
2,14,2,4100,1000,0,,,1.5,0,70,70,70,70,2,2,2,2,0.35,0.35,0.35,0.35,15,65,75
2,15,2,4100,1000,0,,,1.5,0,70,70,70,70,2,2,2,2,0.35,0.35,0.35,0.35,15,65,75
3,1,2,4100,1000,0,,,2,0.012,70,70,70,70,1.7,1.7,1.7,1.7,0.35,0.35,0.35,0.35,15,65,75
3,2,2,4100,1000,0,,,2,0.01,70,70,70,70,1.7,1.7,1.7,1.7,0.35,0.35,0.35,0.35,15,65,75
3,3,2,4100,1000,0,,,1.8,0.009,70,70,70,70,1.7,1.7,1.7,1.7,0.35,0.35,0.35,0.35,15,65,75
3,4,2,4100,1000,0,,,1.8,0.008,70,70,70,70,1.7,1.7,1.7,1.7,0.35,0.35,0.35,0.35,15,65,75
3,5,2,4100,1000,0,,,1.7,0.007,70,70,70,70,1.8,1.8,1.8,1.8,0.35,0.35,0.35,0.35,1,65,75
3,6,2,4100,1000,0,,,1.6,0.006,70,70,70,70,1.8,1.8,1.8,1.8,0.35,0.35,0.35,0.35,1.5,65,75
3,7,2,4100,1000,0,,,1.5,0.005,80,80,80,80,1.8,1.8,1.8,1.8,0.35,0.35,0.35,0.35,2.5,75,85
3,8,2,4100,1000,0,,,1.5,0.004,80,80,80,80,1.9,1.9,1.9,1.9,0.35,0.35,0.35,0.35,9,75,85
3,9,2,4100,1000,0,,,1.4,0.003,80,80,80,80,1.9,1.9,1.9,1.9,0.35,0.35,0.35,0.35,9,75,85
3,10,2,4100,1000,0,,,1.4,0.003,80,80,80,80,2,2,2,2,0.35,0.35,0.35,0.35,15,75,85
3,11,2,4100,1000,0,,,1.4,0.003,80,80,80,80,2,2,2,2,0.35,0.35,0.35,0.35,15,75,85
3,12,2,4100,1000,0,,,1.3,0.002,90,90,90,90,2.1,2.1,2.1,2.1,0.35,0.35,0.35,0.35,15,85,95
3,13,2,4100,1000,0,,,1.3,0.002,90,90,90,90,2.1,2.1,2.1,2.1,0.35,0.35,0.35,0.35,15,85,95
3,14,2,4100,1000,0,,,1.2,0,100,100,100,100,2.3,2.3,2.3,2.3,0.35,0.35,0.35,0.35,15,95,105
3,15,2,4100,1000,0,,,1,0,100,100,100,100,2.4,2.4,2.4,2.4,0.35,0.35,0.35,0.35,15,95,105
4,1,2,4100,1000,0,,,1.9,0.012,70,70,70,70,1.7,1.7,1.7,1.7,0.35,0.35,0.35,0.35,15,65,75
4,2,2,4100,1000,0,,,1.9,0.01,70,70,70,70,1.7,1.7,1.7,1.7,0.35,0.35,0.35,0.35,15,65,75
4,3,2,4100,1000,0,,,1.7,0.009,70,70,70,70,1.7,1.7,1.7,1.7,0.35,0.35,0.35,0.35,15,65,75
4,4,2,4100,1000,0,,,1.7,0.008,70,70,70,70,1.7,1.7,1.7,1.7,0.35,0.35,0.35,0.35,15,65,75
4,5,2,4100,1000,0,,,1.6,0.007,70,70,70,70,1.8,1.8,1.8,1.8,0.35,0.35,0.35,0.35,15,65,75
4,6,2,4100,1000,0,,,1.5,0.006,70,70,70,70,1.8,1.8,1.8,1.8,0.35,0.35,0.35,0.35,15,65,75
4,7,2,4100,1000,0,,,1.4,0.005,80,80,80,80,1.8,1.8,1.8,1.8,0.35,0.35,0.35,0.35,1,75,85
4,8,2,4100,1000,0,,,1.4,0.004,80,80,80,80,1.9,1.9,1.9,1.9,0.35,0.35,0.35,0.35,1.8,75,85
4,9,2,4100,1000,0,,,1.3,0.003,80,80,80,80,1.9,1.9,1.9,1.9,0.35,0.35,0.35,0.35,3.3,75,85
4,10,2,4100,1000,0,,,1.3,0.003,80,80,80,80,2,2,2,2,0.35,0.35,0.35,0.35,11.5,75,85
4,11,2,4100,1000,0,,,1.3,0.003,80,80,80,80,2,2,2,2,0.35,0.35,0.35,0.35,12,75,85
4,12,2,4100,1000,0,,,1.2,0.002,90,90,90,90,2.1,2.1,2.1,2.1,0.35,0.35,0.35,0.35,15,85,95
4,13,2,4100,1000,0,,,1.2,0.002,90,90,90,90,2.1,2.1,2.1,2.1,0.35,0.35,0.35,0.35,15,85,95
4,14,2,4100,1000,0,,,1.1,0,100,100,100,100,2.3,2.3,2.3,2.3,0.35,0.35,0.35,0.35,15,95,105
4,15,2,4100,1000,0,,,0.9,0,100,100,100,100,2.4,2.4,2.4,2.4,0.35,0.35,0.35,0.35,15,95,105
5,1,2,4100,1000,0,,,1.7,0.012,70,70,70,70,1.7,1.7,1.7,1.7,0.35,0.35,0.35,0.35,15,65,75
5,2,2,4100,1000,0,,,1.7,0.01,70,70,70,70,1.7,1.7,1.7,1.7,0.35,0.35,0.35,0.35,15,65,75
5,3,2,4100,1000,0,,,1.65,0.009,70,70,70,70,1.7,1.7,1.7,1.7,0.35,0.35,0.35,0.35,15,65,75
5,4,2,4100,1000,0,,,1.65,0.008,70,70,70,70,1.7,1.7,1.7,1.7,0.35,0.35,0.35,0.35,15,65,75
5,5,2,4100,1000,0,,,1.55,0.007,70,70,70,70,1.8,1.8,1.8,1.8,0.35,0.35,0.35,0.35,15,65,75
5,6,2,4100,1000,0,,,1.45,0.006,70,70,70,70,1.8,1.8,1.8,1.8,0.35,0.35,0.35,0.35,15,65,75
5,7,2,4100,1000,0,,,1.35,0.005,80,80,80,80,1.8,1.8,1.8,1.8,0.35,0.35,0.35,0.35,15,75,85
5,8,2,4100,1000,0,,,1.35,0.004,80,80,80,80,1.9,1.9,1.9,1.9,0.35,0.35,0.35,0.35,15,75,85
5,9,2,4100,1000,0,,,1.25,0.003,80,80,80,80,1.9,1.9,1.9,1.9,0.35,0.35,0.35,0.35,1,75,85
5,10,2,4100,1000,0,,,1.25,0.003,80,80,80,80,2,2,2,2,0.35,0.35,0.35,0.35,2,75,85
5,11,2,4100,1000,0,,,1.25,0.003,80,80,80,80,2,2,2,2,0.35,0.35,0.35,0.35,3.7,75,85
5,12,2,4100,1000,0,,,1.15,0.002,90,90,90,90,2.1,2.1,2.1,2.1,0.35,0.35,0.35,0.35,13,85,95
5,13,2,4100,1000,0,,,1.15,0.002,90,90,90,90,2.1,2.1,2.1,2.1,0.35,0.35,0.35,0.35,14,85,95
5,14,2,4100,1000,0,,,1.05,0,100,100,100,100,2.3,2.3,2.3,2.3,0.35,0.35,0.35,0.35,15,95,105
5,15,2,4100,1000,0,,,0.85,0,100,100,100,100,2.4,2.4,2.4,2.4,0.35,0.35,0.35,0.35,15,95,105
6,1,2,4100,1000,0,,,1.7,0.012,70,70,70,70,1.7,1.7,1.7,1.7,0.35,0.35,0.35,0.35,15,65,75
6,2,2,4100,1000,0,,,1.7,0.01,70,70,70,70,1.7,1.7,1.7,1.7,0.35,0.35,0.35,0.35,15,65,75
6,3,2,4100,1000,0,,,1.65,0.009,70,70,70,70,1.7,1.7,1.7,1.7,0.35,0.35,0.35,0.35,15,65,75
6,4,2,4100,1000,0,,,1.65,0.008,70,70,70,70,1.7,1.7,1.7,1.7,0.35,0.35,0.35,0.35,15,65,75
6,5,2,4100,1000,0,,,1.5,0.007,70,70,70,70,1.8,1.8,1.8,1.8,0.35,0.35,0.35,0.35,15,65,75
6,6,2,4100,1000,0,,,1.45,0.006,70,70,70,70,1.8,1.8,1.8,1.8,0.35,0.35,0.35,0.35,15,65,75
6,7,2,4100,1000,0,,,1.3,0.005,80,80,80,80,1.8,1.8,1.8,1.8,0.35,0.35,0.35,0.35,15,75,85
6,8,2,4100,1000,0,,,1.3,0.004,80,80,80,80,1.9,1.9,1.9,1.9,0.35,0.35,0.35,0.35,15,75,85
6,9,2,4100,1000,0,,,1.2,0.003,80,80,80,80,1.9,1.9,1.9,1.9,0.35,0.35,0.35,0.35,15,75,85
6,10,2,4100,1000,0,,,1.2,0.003,80,80,80,80,2,2,2,2,0.35,0.35,0.35,0.35,15,75,85
6,11,2,4100,1000,0,,,1.2,0.003,80,80,80,80,2,2,2,2,0.35,0.35,0.35,0.35,1,75,85
6,12,2,4100,1000,0,,,1.1,0.002,90,90,90,90,2.1,2.1,2.1,2.1,0.35,0.35,0.35,0.35,2,85,95
6,13,2,4100,1000,0,,,1.1,0.002,90,90,90,90,2.1,2.1,2.1,2.1,0.35,0.35,0.35,0.35,4,85,95
6,14,2,4100,1000,0,,,1,0,100,100,100,100,2.3,2.3,2.3,2.3,0.35,0.35,0.35,0.35,15,95,105
6,15,2,4100,1000,0,,,0.7,0,100,100,100,100,2.4,2.4,2.4,2.4,0.35,0.35,0.35,0.35,15,95,105
7,1,2,4100,1000,0,,,1.7,0.012,70,70,70,70,1.7,1.7,1.7,1.7,0.35,0.35,0.35,0.35,15,65,75
7,2,2,4100,1000,0,,,1.7,0.01,70,70,70,70,1.7,1.7,1.7,1.7,0.35,0.35,0.35,0.35,15,65,75
7,3,2,4100,1000,0,,,1.6,0.009,70,70,70,70,1.7,1.7,1.7,1.7,0.35,0.35,0.35,0.35,15,65,75
7,4,2,4100,1000,0,,,1.6,0.008,70,70,70,70,1.7,1.7,1.7,1.7,0.35,0.35,0.35,0.35,15,65,75
7,5,2,4100,1000,0,,,1.4,0.007,70,70,70,70,1.8,1.8,1.8,1.8,0.35,0.35,0.35,0.35,15,65,75
7,6,2,4100,1000,0,,,1.4,0.006,70,70,70,70,1.8,1.8,1.8,1.8,0.35,0.35,0.35,0.35,15,65,75
7,7,2,4100,1000,0,,,1.2,0.005,80,80,80,80,1.8,1.8,1.8,1.8,0.35,0.35,0.35,0.35,15,75,85
7,8,2,4100,1000,0,,,1.2,0.004,80,80,80,80,1.9,1.9,1.9,1.9,0.35,0.35,0.35,0.35,15,75,85
7,9,2,4100,1000,0,,,1.1,0.003,80,80,80,80,1.9,1.9,1.9,1.9,0.35,0.35,0.35,0.35,15,75,85
7,10,2,4100,1000,0,,,1.1,0.003,80,80,80,80,2,2,2,2,0.35,0.35,0.35,0.35,15,75,85
7,11,2,4100,1000,0,,,1.1,0.003,80,80,80,80,2,2,2,2,0.35,0.35,0.35,0.35,15,75,85
7,12,2,4100,1000,0,,,1,0.002,90,90,90,90,2.1,2.1,2.1,2.1,0.35,0.35,0.35,0.35,15,85,95
7,13,2,4100,1000,0,,,1,0.002,90,90,90,90,2.1,2.1,2.1,2.1,0.35,0.35,0.35,0.35,1,85,95
7,14,2,4100,1000,0,,,0.9,0,100,100,100,100,2.3,2.3,2.3,2.3,0.35,0.35,0.35,0.35,2,95,105
7,15,2,4100,1000,0,,,0.6,0,100,100,100,100,2.4,2.4,2.4,2.4,0.35,0.35,0.35,0.35,4.5,95,105
8,1,2,4100,1000,0,,,1.6,0.012,70,70,70,70,1.7,1.7,1.7,1.7,0.35,0.35,0.35,0.35,15,65,75
8,2,2,4100,1000,0,,,1.6,0.01,70,70,70,70,1.7,1.7,1.7,1.7,0.35,0.35,0.35,0.35,15,65,75
8,3,2,4100,1000,0,,,1.5,0.009,70,70,70,70,1.7,1.7,1.7,1.7,0.35,0.35,0.35,0.35,15,65,75
8,4,2,4100,1000,0,,,1.5,0.008,70,70,70,70,1.7,1.7,1.7,1.7,0.35,0.35,0.35,0.35,15,65,75
8,5,2,4100,1000,0,,,1.3,0.007,70,70,70,70,1.8,1.8,1.8,1.8,0.35,0.35,0.35,0.35,15,65,75
8,6,2,4100,1000,0,,,1.3,0.006,70,70,70,70,1.8,1.8,1.8,1.8,0.35,0.35,0.35,0.35,15,65,75
8,7,2,4100,1000,0,,,1.1,0.005,80,80,80,80,1.8,1.8,1.8,1.8,0.35,0.35,0.35,0.35,15,75,85
8,8,2,4100,1000,0,,,1.1,0.004,80,80,80,80,1.9,1.9,1.9,1.9,0.35,0.35,0.35,0.35,15,75,85
8,9,2,4100,1000,0,,,1.1,0.003,80,80,80,80,1.9,1.9,1.9,1.9,0.35,0.35,0.35,0.35,15,75,85
8,10,2,4100,1000,0,,,1,0.003,80,80,80,80,2,2,2,2,0.35,0.35,0.35,0.35,15,75,85
8,11,2,4100,1000,0,,,1,0.003,80,80,80,80,2,2,2,2,0.35,0.35,0.35,0.35,15,75,85
8,12,2,4100,1000,0,,,0.9,0.002,90,90,90,90,2.1,2.1,2.1,2.1,0.35,0.35,0.35,0.35,15,85,95
8,13,2,4100,1000,0,,,0.8,0.002,90,90,90,90,2.1,2.1,2.1,2.1,0.35,0.35,0.35,0.35,15,85,95
8,14,2,4100,1000,0,,,0.75,0,100,100,100,100,2.3,2.3,2.3,2.3,0.35,0.35,0.35,0.35,15,95,105
8,15,2,4100,1000,0,,,0.6,0,100,100,100,100,2.4,2.4,2.4,2.4,0.35,0.35,0.35,0.35,1,95,105
9,1,2,4100,1000,0,,,1.6,0.012,70,70,70,70,1.7,1.7,1.7,1.7,0.35,0.35,0.35,0.35,2.5,65,75
9,2,2,4100,1000,0,,,1.6,0.01,70,70,70,70,1.7,1.7,1.7,1.7,0.35,0.35,0.35,0.35,5,65,75
9,3,2,4100,1000,0,,,1.5,0.009,70,70,70,70,1.7,1.7,1.7,1.7,0.35,0.35,0.35,0.35,15,65,75
9,4,2,4100,1000,0,,,1.5,0.008,70,70,70,70,1.7,1.7,1.7,1.7,0.35,0.35,0.35,0.35,15,65,75
9,5,2,4100,1000,0,,,1.3,0.007,70,70,70,70,1.8,1.8,1.8,1.8,0.35,0.35,0.35,0.35,15,65,75
9,6,2,4100,1000,0,,,1.3,0.006,70,70,70,70,1.8,1.8,1.8,1.8,0.35,0.35,0.35,0.35,15,65,75
9,7,2,4100,1000,0,,,1.1,0.005,80,80,80,80,1.8,1.8,1.8,1.8,0.35,0.35,0.35,0.35,15,75,85
9,8,2,4100,1000,0,,,1.1,0.004,80,80,80,80,1.9,1.9,1.9,1.9,0.35,0.35,0.35,0.35,15,75,85
9,9,2,4100,1000,0,,,1.1,0.003,80,80,80,80,1.9,1.9,1.9,1.9,0.35,0.35,0.35,0.35,15,75,85
9,10,2,4100,1000,0,,,1,0.003,80,80,80,80,2,2,2,2,0.35,0.35,0.35,0.35,15,75,85
9,11,2,4100,1000,0,,,1,0.003,80,80,80,80,2,2,2,2,0.35,0.35,0.35,0.35,15,75,85
9,12,2,4100,1000,0,,,0.9,0.002,90,90,90,90,2.1,2.1,2.1,2.1,0.35,0.35,0.35,0.35,15,85,95
9,13,2,4100,1000,0,,,0.7,0.002,90,90,90,90,2.1,2.1,2.1,2.1,0.35,0.35,0.35,0.35,15,85,95
9,14,2,4100,1000,0,,,0.75,0,100,100,100,100,2.3,2.3,2.3,2.3,0.35,0.35,0.35,0.35,15,95,105
9,15,2,4100,1000,0,,,0.6,0,100,100,100,100,2.4,2.4,2.4,2.4,0.35,0.35,0.35,0.35,15,95,105
10,1,2,4100,1000,0,,,1.5,0.004,70,70,70,70,1.7,1.7,1.7,1.7,0.35,0.35,0.35,0.35,15,65,75
10,2,2,4100,1000,0,,,1.5,0.004,70,70,70,70,1.7,1.7,1.7,1.7,0.35,0.35,0.35,0.35,1,65,75
10,3,2,4100,1000,0,,,1.4,0.001,70,70,70,70,1.7,1.7,1.7,1.7,0.35,0.35,0.35,0.35,2.5,65,75
10,4,2,4100,1000,0,,,1.4,0.001,70,70,70,70,1.7,1.7,1.7,1.7,0.35,0.35,0.35,0.35,5.5,65,75
10,5,2,4100,1000,0,,,1.2,0.001,70,70,70,70,1.8,1.8,1.8,1.8,0.35,0.35,0.35,0.35,15,65,75
10,6,2,4100,1000,0,,,1.2,0.001,70,70,70,70,1.8,1.8,1.8,1.8,0.35,0.35,0.35,0.35,15,65,75
10,7,2,4100,1000,0,,,1,0.001,80,80,80,80,1.8,1.8,1.8,1.8,0.35,0.35,0.35,0.35,15,75,85
10,8,2,4100,1000,0,,,1,0.001,80,80,80,80,1.9,1.9,1.9,1.9,0.35,0.35,0.35,0.35,15,75,85
10,9,2,4100,1000,0,,,1,0.001,80,80,80,80,1.9,1.9,1.9,1.9,0.35,0.35,0.35,0.35,15,75,85
10,10,2,4100,1000,0,,,0.9,0.001,80,80,80,80,2,2,2,2,0.35,0.35,0.35,0.35,15,75,85
10,11,2,4100,1000,0,,,0.9,0.001,80,80,80,80,2,2,2,2,0.35,0.35,0.35,0.35,15,75,85
10,12,2,4100,1000,0,,,0.8,0.001,90,90,90,90,2.1,2.1,2.1,2.1,0.35,0.35,0.35,0.35,15,85,95
10,13,2,4100,1000,0,,,0.7,0,90,90,90,90,2.1,2.1,2.1,2.1,0.35,0.35,0.35,0.35,15,85,95
10,14,2,4100,1000,0,,,0.65,0,100,100,100,100,2.3,2.3,2.3,2.3,0.35,0.35,0.35,0.35,15,95,105
10,15,2,4100,1000,0,,,0.5,0,100,100,100,100,2.4,2.4,2.4,2.4,0.35,0.35,0.35,0.35,15,95,105
11,1,2,4100,1000,0,,,1.4,0.001,70,70,70,70,1.7,1.7,1.7,1.7,0.35,0.35,0.35,0.35,15,65,75
11,2,2,4100,1000,0,,,1.4,0.001,70,70,70,70,1.7,1.7,1.7,1.7,0.35,0.35,0.35,0.35,15,65,75
11,3,2,4100,1000,0,,,1.5,0.001,70,70,70,70,1.7,1.7,1.7,1.7,0.35,0.35,0.35,0.35,15,65,75
11,4,2,4100,1000,0,,,1.4,0.004,70,70,70,70,1.7,1.7,1.7,1.7,0.35,0.35,0.35,0.35,1,65,75
11,5,2,4100,1000,0,,,1.1,0.001,70,70,70,70,1.8,1.8,1.8,1.8,0.35,0.35,0.35,0.35,2.5,65,75
11,6,2,4100,1000,0,,,1.1,0.001,70,70,70,70,1.8,1.8,1.8,1.8,0.35,0.35,0.35,0.35,6,65,75
11,7,2,4100,1000,0,,,0.9,0.001,80,80,80,80,1.8,1.8,1.8,1.8,0.35,0.35,0.35,0.35,15,75,85
11,8,2,4100,1000,0,,,0.9,0.001,80,80,80,80,1.9,1.9,1.9,1.9,0.35,0.35,0.35,0.35,15,75,85
11,9,2,4100,1000,0,,,0.9,0.001,80,80,80,80,1.9,1.9,1.9,1.9,0.35,0.35,0.35,0.35,15,75,85
11,10,2,4100,1000,0,,,0.8,0.001,80,80,80,80,2,2,2,2,0.35,0.35,0.35,0.35,15,75,85
11,11,2,4100,1000,0,,,0.8,0.001,80,80,80,80,2,2,2,2,0.35,0.35,0.35,0.35,15,75,85
11,12,2,4100,1000,0,,,0.7,0.001,90,90,90,90,2.1,2.1,2.1,2.1,0.35,0.35,0.35,0.35,15,85,95
11,13,2,4100,1000,0,,,1.6,0,90,90,90,90,2.1,2.1,2.1,2.1,0.35,0.35,0.35,0.35,15,85,95
11,14,2,4100,1000,0,,,0.55,0,100,100,100,100,2.3,2.3,2.3,2.3,0.35,0.35,0.35,0.35,15,95,105
11,15,2,4100,1000,0,,,0.4,0,100,100,100,100,2.4,2.4,2.4,2.4,0.35,0.35,0.35,0.35,15,95,105
12,1,2,4100,1000,0,,,1.3,0.001,70,70,70,70,1.7,1.7,1.7,1.7,0.35,0.35,0.35,0.35,15,65,75
12,2,2,4100,1000,0,,,1.3,0.001,70,70,70,70,1.7,1.7,1.7,1.7,0.35,0.35,0.35,0.35,15,65,75
12,3,2,4100,1000,0,,,1.2,0.001,70,70,70,70,1.7,1.7,1.7,1.7,0.35,0.35,0.35,0.35,15,65,75
12,4,2,4100,1000,0,,,1.2,0.001,70,70,70,70,1.7,1.7,1.7,1.7,0.35,0.35,0.35,0.35,15,65,75
12,5,2,4100,1000,0,,,1,0.001,70,70,70,70,1.8,1.8,1.8,1.8,0.35,0.35,0.35,0.35,15,65,75
12,6,2,4100,1000,0,,,1,0.001,70,70,70,70,1.8,1.8,1.8,1.8,0.35,0.35,0.35,0.35,1,65,75
12,7,2,4100,1000,0,,,1,0.001,80,80,80,80,1.8,1.8,1.8,1.8,0.35,0.35,0.35,0.35,3,75,85
12,8,2,4100,1000,0,,,1,0.001,80,80,80,80,1.9,1.9,1.9,1.9,0.35,0.35,0.35,0.35,6.5,75,85
12,9,2,4100,1000,0,,,0.9,0.001,80,80,80,80,1.9,1.9,1.9,1.9,0.35,0.35,0.35,0.35,15,75,85
12,10,2,4100,1000,0,,,0.9,0.001,80,80,80,80,2,2,2,2,0.35,0.35,0.35,0.35,15,75,85
12,11,2,4100,1000,0,,,0.7,0.001,80,80,80,80,2,2,2,2,0.35,0.35,0.35,0.35,15,75,85
12,12,2,4100,1000,0,,,0.7,0.001,90,90,90,90,2.1,2.1,2.1,2.1,0.35,0.35,0.35,0.35,15,85,95
12,13,2,4100,1000,0,,,0.6,0,90,90,90,90,2.1,2.1,2.1,2.1,0.35,0.35,0.35,0.35,15,85,95
12,14,2,4100,1000,0,,,0.55,0,100,100,100,100,2.3,2.3,2.3,2.3,0.35,0.35,0.35,0.35,15,95,105
12,15,2,4100,1000,0,,,0.5,0,100,100,100,100,2.4,2.4,2.4,2.4,0.35,0.35,0.35,0.35,15,95,105
13,1,2,4100,1000,0,,,1.2,0,70,70,70,70,1.7,1.7,1.7,1.7,0.35,0.35,0.35,0.35,15,65,75
13,2,2,4100,1000,0,,,1.2,0,70,70,70,70,1.7,1.7,1.7,1.7,0.35,0.35,0.35,0.35,15,65,75
13,3,2,4100,1000,0,,,1.1,0,70,70,70,70,1.7,1.7,1.7,1.7,0.35,0.35,0.35,0.35,15,65,75
13,4,2,4100,1000,0,,,1.1,0,70,70,70,70,1.7,1.7,1.7,1.7,0.35,0.35,0.35,0.35,15,65,75
13,5,2,4100,1000,0,,,0.9,0,70,70,70,70,1.8,1.8,1.8,1.8,0.35,0.35,0.35,0.35,15,65,75
13,6,2,4100,1000,0,,,0.9,0,70,70,70,70,1.8,1.8,1.8,1.8,0.35,0.35,0.35,0.35,15,65,75
13,7,2,4100,1000,0,,,1,0.001,80,80,80,80,1.8,1.8,1.8,1.8,0.35,0.35,0.35,0.35,3,75,85
13,8,2,4100,1000,0,,,1,0.001,80,80,80,80,1.9,1.9,1.9,1.9,0.35,0.35,0.35,0.35,6.5,75,85
13,9,2,4100,1000,0,,,0.9,0.001,80,80,80,80,1.9,1.9,1.9,1.9,0.35,0.35,0.35,0.35,15,75,85
13,10,2,4100,1000,0,,,0.9,0.001,80,80,80,80,2,2,2,2,0.35,0.35,0.35,0.35,15,75,85
13,11,2,4100,1000,0,,,0.7,0.001,80,80,80,80,2,2,2,2,0.35,0.35,0.35,0.35,15,75,85
13,12,2,4100,1000,0,,,0.7,0.001,90,90,90,90,2.1,2.1,2.1,2.1,0.35,0.35,0.35,0.35,15,85,95
13,13,2,4100,1000,0,,,0.5,0,90,90,90,90,2.1,2.1,2.1,2.1,0.35,0.35,0.35,0.35,15,85,95
13,14,2,4100,1000,0,,,0.45,0,100,100,100,100,2.3,2.3,2.3,2.3,0.35,0.35,0.35,0.35,15,95,105
13,15,2,4100,1000,0,,,0.4,0,100,100,100,100,2.4,2.4,2.4,2.4,0.35,0.35,0.35,0.35,15,95,105
14,1,2,4100,1000,0,,,1.2,0,70,70,70,70,1.7,1.7,1.7,1.7,0.35,0.35,0.35,0.35,15,65,75
14,2,2,4100,1000,0,,,1.2,0,70,70,70,70,1.7,1.7,1.7,1.7,0.35,0.35,0.35,0.35,15,65,75
14,3,2,4100,1000,0,,,1.1,0,70,70,70,70,1.7,1.7,1.7,1.7,0.35,0.35,0.35,0.35,15,65,75
14,4,2,4100,1000,0,,,1.1,0,70,70,70,70,1.7,1.7,1.7,1.7,0.35,0.35,0.35,0.35,15,65,75
14,5,2,4100,1000,0,,,1.2,0.001,70,70,70,70,1.8,1.8,1.8,1.8,0.35,0.35,0.35,0.35,15,65,75
14,6,2,4100,1000,0,,,0.9,0,70,70,70,70,1.8,1.8,1.8,1.8,0.35,0.35,0.35,0.35,15,65,75
14,7,2,4100,1000,0,,,0.75,0,80,80,80,80,1.8,1.8,1.8,1.8,0.35,0.35,0.35,0.35,15,75,85
14,8,2,4100,1000,0,,,0.75,0,80,80,80,80,1.9,1.9,1.9,1.9,0.35,0.35,0.35,0.35,15,75,85
14,9,2,4100,1000,0,,,0.65,0,80,80,80,80,1.9,1.9,1.9,1.9,0.35,0.35,0.35,0.35,15,75,85
14,10,2,4100,1000,0,,,0.65,0,80,80,80,80,2,2,2,2,0.35,0.35,0.35,0.35,1,75,85
14,11,2,4100,1000,0,,,0.5,0,80,80,80,80,2,2,2,2,0.35,0.35,0.35,0.35,5,75,85
14,12,2,4100,1000,0,,,0.5,0,90,90,90,90,2.1,2.1,2.1,2.1,0.35,0.35,0.35,0.35,7.5,85,95
14,13,2,4100,1000,0,,,0.5,0,90,90,90,90,2.1,2.1,2.1,2.1,0.35,0.35,0.35,0.35,15,85,95
14,14,2,4100,1000,0,,,0.45,0,100,100,100,100,2.3,2.3,2.3,2.3,0.35,0.35,0.35,0.35,15,95,105
14,15,2,4100,1000,0,,,0.4,0,100,100,100,100,2.4,2.4,2.4,2.4,0.35,0.35,0.35,0.35,15,95,105
15,1,2,4100,1000,0,,,1.2,0,70,70,70,70,1.7,1.7,1.7,1.7,0.35,0.35,0.35,0.35,15,65,75
15,2,2,4100,1000,0,,,1.2,0,70,70,70,70,1.7,1.7,1.7,1.7,0.35,0.35,0.35,0.35,15,65,75
15,3,2,4100,1000,0,,,1.1,0,70,70,70,70,1.7,1.7,1.7,1.7,0.35,0.35,0.35,0.35,15,65,75
15,4,2,4100,1000,0,,,1.1,0,70,70,70,70,1.7,1.7,1.7,1.7,0.35,0.35,0.35,0.35,15,65,75
15,5,2,4100,1000,0,,,0.9,0,70,70,70,70,1.8,1.8,1.8,1.8,0.35,0.35,0.35,0.35,15,65,75
15,6,2,4100,1000,0,,,0.9,0,70,70,70,70,1.8,1.8,1.8,1.8,0.35,0.35,0.35,0.35,15,65,75
15,7,2,4100,1000,0,,,0.75,0,80,80,80,80,1.8,1.8,1.8,1.8,0.35,0.35,0.35,0.35,15,75,85
15,8,2,4100,1000,0,,,0.75,0,80,80,80,80,1.9,1.9,1.9,1.9,0.35,0.35,0.35,0.35,15,75,85
15,9,2,4100,1000,0,,,0.65,0,80,80,80,80,1.9,1.9,1.9,1.9,0.35,0.35,0.35,0.35,15,75,85
15,10,2,4100,1000,0,,,0.65,0,80,80,80,80,2,2,2,2,0.35,0.35,0.35,0.35,1,75,85
15,11,2,4100,1000,0,,,0.5,0,80,80,80,80,2,2,2,2,0.35,0.35,0.35,0.35,5,75,85
15,12,2,4100,1000,0,,,0.5,0,90,90,90,90,2.1,2.1,2.1,2.1,0.35,0.35,0.35,0.35,7.5,85,95
15,13,2,4100,1000,0,,,0.5,0,90,90,90,90,2.1,2.1,2.1,2.1,0.35,0.35,0.35,0.35,15,85,95
15,14,2,4100,1000,0,,,0.45,0,100,100,100,100,2.3,2.3,2.3,2.3,0.35,0.35,0.35,0.35,15,95,105
15,15,2,4100,1000,0,,,0.4,0,100,100,100,100,2.4,2.4,2.4,2.4,0.35,0.35,0.35,0.35,15,95,105
1,1,2,4100,1000,1,,,2,0.015,70,70,70,70,1.7,1.7,1.7,1.7,0.35,0.35,0.35,0.35,0.6,65,75
1,2,2,4100,1000,1,,,2,0.012,70,70,70,70,1.7,1.7,1.7,1.7,0.35,0.35,0.35,0.35,0.6,65,75
1,3,2,4100,1000,1,,,2,0.01,70,70,70,70,1.7,1.7,1.7,1.7,0.35,0.35,0.35,0.35,1,65,75
1,4,2,4100,1000,1,,,2,0.01,70,70,70,70,1.7,1.7,1.7,1.7,0.35,0.35,0.35,0.35,7,65,75
1,5,2,4100,1000,1,,,1.8,0.004,70,70,70,70,1.8,1.8,1.8,1.8,0.35,0.35,0.35,0.35,7,65,75
1,6,2,4100,1000,1,,,1.8,0.004,70,70,70,70,1.8,1.8,1.8,1.8,0.35,0.35,0.35,0.35,13,65,75
1,7,2,4100,1000,1,,,1.8,0.001,80,80,80,80,1.8,1.8,1.8,1.8,0.35,0.35,0.35,0.35,15,75,85
1,8,2,4100,1000,1,,,1.8,0.004,80,80,80,80,1.9,1.9,1.9,1.9,0.35,0.35,0.35,0.35,15,75,85
1,9,2,4100,1000,1,,,1.5,0.001,80,80,80,80,1.9,1.9,1.9,1.9,0.35,0.35,0.35,0.35,15,75,85
1,10,2,4100,1000,1,,,1.5,0.001,70,70,70,70,2,2,2,2,0.35,0.35,0.35,0.35,15,65,75
1,11,2,4100,1000,1,,,1.5,0,70,70,70,70,2,2,2,2,0.35,0.35,0.35,0.35,15,65,75
1,12,2,4100,1000,1,,,1.5,0,70,70,70,70,2,2,2,2,0.35,0.35,0.35,0.35,15,65,75
1,13,2,4100,1000,1,,,1.5,0,70,70,70,70,2,2,2,2,0.35,0.35,0.35,0.35,15,65,75
1,14,2,4100,1000,1,,,1.5,0,70,70,70,70,2,2,2,2,0.35,0.35,0.35,0.35,15,65,75
1,15,2,4100,1000,1,,,1.5,0,70,70,70,70,2,2,2,2,0.35,0.35,0.35,0.35,15,65,75
2,1,2,4100,1000,1,,,2,0.015,70,70,70,70,1.7,1.7,1.7,1.7,0.35,0.35,0.35,0.35,15,65,75
2,2,2,4100,1000,1,,,2,0.012,70,70,70,70,1.7,1.7,1.7,1.7,0.35,0.35,0.35,0.35,15,65,75
2,3,2,4100,1000,1,,,2,0.01,70,70,70,70,1.7,1.7,1.7,1.7,0.35,0.35,0.35,0.35,1,65,75
2,4,2,4100,1000,1,,,2,0.01,70,70,70,70,1.7,1.7,1.7,1.7,0.35,0.35,0.35,0.35,1.5,65,75
2,5,2,4100,1000,1,,,1.8,0.004,70,70,70,70,1.8,1.8,1.8,1.8,0.35,0.35,0.35,0.35,2,65,75
2,6,2,4100,1000,1,,,1.8,0.004,70,70,70,70,1.8,1.8,1.8,1.8,0.35,0.35,0.35,0.35,8,65,75
2,7,2,4100,1000,1,,,1.8,0.001,80,80,80,80,1.8,1.8,1.8,1.8,0.35,0.35,0.35,0.35,8,75,85
2,8,2,4100,1000,1,,,1.8,0.004,80,80,80,80,1.9,1.9,1.9,1.9,0.35,0.35,0.35,0.35,14,75,85
2,9,2,4100,1000,1,,,1.5,0.001,80,80,80,80,1.9,1.9,1.9,1.9,0.35,0.35,0.35,0.35,15,75,85
2,10,2,4100,1000,1,,,1.5,0.001,70,70,70,70,2,2,2,2,0.35,0.35,0.35,0.35,15,65,75
2,11,2,4100,1000,1,,,1.5,0,70,70,70,70,2,2,2,2,0.35,0.35,0.35,0.35,15,65,75
2,12,2,4100,1000,1,,,1.5,0,70,70,70,70,2,2,2,2,0.35,0.35,0.35,0.35,15,65,75
2,13,2,4100,1000,1,,,1.5,0,70,70,70,70,2,2,2,2,0.35,0.35,0.35,0.35,15,65,75
2,14,2,4100,1000,1,,,1.5,0,70,70,70,70,2,2,2,2,0.35,0.35,0.35,0.35,15,65,75
2,15,2,4100,1000,1,,,1.5,0,70,70,70,70,2,2,2,2,0.35,0.35,0.35,0.35,15,65,75
3,1,2,4100,1000,1,,,2,0.015,70,70,70,70,1.7,1.7,1.7,1.7,0.35,0.35,0.35,0.35,15,65,75
3,2,2,4100,1000,1,,,2,0.012,70,70,70,70,1.7,1.7,1.7,1.7,0.35,0.35,0.35,0.35,15,65,75
3,3,2,4100,1000,1,,,2,0.01,70,70,70,70,1.7,1.7,1.7,1.7,0.35,0.35,0.35,0.35,15,65,75
3,4,2,4100,1000,1,,,2,0.01,70,70,70,70,1.7,1.7,1.7,1.7,0.35,0.35,0.35,0.35,15,65,75
3,5,2,4100,1000,1,,,1.8,0.004,70,70,70,70,1.8,1.8,1.8,1.8,0.35,0.35,0.35,0.35,1,65,75
3,6,2,4100,1000,1,,,1.8,0.004,70,70,70,70,1.8,1.8,1.8,1.8,0.35,0.35,0.35,0.35,1.5,65,75
3,7,2,4100,1000,1,,,1.8,0.001,80,80,80,80,1.8,1.8,1.8,1.8,0.35,0.35,0.35,0.35,2.5,75,85
3,8,2,4100,1000,1,,,1.8,0.004,80,80,80,80,1.9,1.9,1.9,1.9,0.35,0.35,0.35,0.35,9,75,85
3,9,2,4100,1000,1,,,1.5,0.001,80,80,80,80,1.9,1.9,1.9,1.9,0.35,0.35,0.35,0.35,9,75,85
3,10,2,4100,1000,1,,,1.5,0.001,80,80,80,80,2,2,2,2,0.35,0.35,0.35,0.35,15,75,85
3,11,2,4100,1000,1,,,1.5,0,80,80,80,80,2,2,2,2,0.35,0.35,0.35,0.35,15,75,85
3,12,2,4100,1000,1,,,1.5,0,90,90,90,90,2.1,2.1,2.1,2.1,0.35,0.35,0.35,0.35,15,85,95
3,13,2,4100,1000,1,,,1.5,0,90,90,90,90,2.1,2.1,2.1,2.1,0.35,0.35,0.35,0.35,15,85,95
3,14,2,4100,1000,1,,,1.5,0,100,100,100,100,2.3,2.3,2.3,2.3,0.35,0.35,0.35,0.35,15,95,105
3,15,2,4100,1000,1,,,1.5,0,100,100,100,100,2.4,2.4,2.4,2.4,0.35,0.35,0.35,0.35,15,95,105
4,1,2,4100,1000,1,,,2,0.015,70,70,70,70,1.7,1.7,1.7,1.7,0.35,0.35,0.35,0.35,15,65,75
4,2,2,4100,1000,1,,,2,0.012,70,70,70,70,1.7,1.7,1.7,1.7,0.35,0.35,0.35,0.35,15,65,75
4,3,2,4100,1000,1,,,2,0.01,70,70,70,70,1.7,1.7,1.7,1.7,0.35,0.35,0.35,0.35,15,65,75
4,4,2,4100,1000,1,,,2,0.01,70,70,70,70,1.7,1.7,1.7,1.7,0.35,0.35,0.35,0.35,15,65,75
4,5,2,4100,1000,1,,,1.8,0.004,70,70,70,70,1.8,1.8,1.8,1.8,0.35,0.35,0.35,0.35,15,65,75
4,6,2,4100,1000,1,,,1.8,0.004,70,70,70,70,1.8,1.8,1.8,1.8,0.35,0.35,0.35,0.35,15,65,75
4,7,2,4100,1000,1,,,1.8,0.001,80,80,80,80,1.8,1.8,1.8,1.8,0.35,0.35,0.35,0.35,1,75,85
4,8,2,4100,1000,1,,,1.8,0.004,80,80,80,80,1.9,1.9,1.9,1.9,0.35,0.35,0.35,0.35,1.8,75,85
4,9,2,4100,1000,1,,,1.5,0.001,80,80,80,80,1.9,1.9,1.9,1.9,0.35,0.35,0.35,0.35,3.3,75,85
4,10,2,4100,1000,1,,,1.5,0.001,80,80,80,80,2,2,2,2,0.35,0.35,0.35,0.35,11.5,75,85
4,11,2,4100,1000,1,,,1.5,0,80,80,80,80,2,2,2,2,0.35,0.35,0.35,0.35,12,75,85
4,12,2,4100,1000,1,,,1.5,0,90,90,90,90,2.1,2.1,2.1,2.1,0.35,0.35,0.35,0.35,15,85,95
4,13,2,4100,1000,1,,,1.5,0,90,90,90,90,2.1,2.1,2.1,2.1,0.35,0.35,0.35,0.35,15,85,95
4,14,2,4100,1000,1,,,1.5,0,100,100,100,100,2.3,2.3,2.3,2.3,0.35,0.35,0.35,0.35,15,95,105
4,15,2,4100,1000,1,,,1.5,0,100,100,100,100,2.4,2.4,2.4,2.4,0.35,0.35,0.35,0.35,15,95,105
5,1,2,4100,1000,1,,,2,0.015,70,70,70,70,1.7,1.7,1.7,1.7,0.35,0.35,0.35,0.35,15,65,75
5,2,2,4100,1000,1,,,2,0.012,70,70,70,70,1.7,1.7,1.7,1.7,0.35,0.35,0.35,0.35,15,65,75
5,3,2,4100,1000,1,,,2,0.01,70,70,70,70,1.7,1.7,1.7,1.7,0.35,0.35,0.35,0.35,15,65,75
5,4,2,4100,1000,1,,,2,0.01,70,70,70,70,1.7,1.7,1.7,1.7,0.35,0.35,0.35,0.35,15,65,75
5,5,2,4100,1000,1,,,1.8,0.004,70,70,70,70,1.8,1.8,1.8,1.8,0.35,0.35,0.35,0.35,15,65,75
5,6,2,4100,1000,1,,,1.8,0.004,70,70,70,70,1.8,1.8,1.8,1.8,0.35,0.35,0.35,0.35,15,65,75
5,7,2,4100,1000,1,,,1.8,0.001,80,80,80,80,1.8,1.8,1.8,1.8,0.35,0.35,0.35,0.35,15,75,85
5,8,2,4100,1000,1,,,1.8,0.004,80,80,80,80,1.9,1.9,1.9,1.9,0.35,0.35,0.35,0.35,15,75,85
5,9,2,4100,1000,1,,,1.5,0.001,80,80,80,80,1.9,1.9,1.9,1.9,0.35,0.35,0.35,0.35,1,75,85
5,10,2,4100,1000,1,,,1.5,0.001,80,80,80,80,2,2,2,2,0.35,0.35,0.35,0.35,2,75,85
5,11,2,4100,1000,1,,,1.5,0,80,80,80,80,2,2,2,2,0.35,0.35,0.35,0.35,3.7,75,85
5,12,2,4100,1000,1,,,1.5,0,90,90,90,90,2.1,2.1,2.1,2.1,0.35,0.35,0.35,0.35,13,85,95
5,13,2,4100,1000,1,,,1.5,0,90,90,90,90,2.1,2.1,2.1,2.1,0.35,0.35,0.35,0.35,14,85,95
5,14,2,4100,1000,1,,,1.5,0,100,100,100,100,2.3,2.3,2.3,2.3,0.35,0.35,0.35,0.35,15,95,105
5,15,2,4100,1000,1,,,1.5,0,100,100,100,100,2.4,2.4,2.4,2.4,0.35,0.35,0.35,0.35,15,95,105
6,1,2,4100,1000,1,,,2,0.015,70,70,70,70,1.7,1.7,1.7,1.7,0.35,0.35,0.35,0.35,15,65,75
6,2,2,4100,1000,1,,,2,0.012,70,70,70,70,1.7,1.7,1.7,1.7,0.35,0.35,0.35,0.35,15,65,75
6,3,2,4100,1000,1,,,2,0.01,70,70,70,70,1.7,1.7,1.7,1.7,0.35,0.35,0.35,0.35,15,65,75
6,4,2,4100,1000,1,,,2,0.01,70,70,70,70,1.7,1.7,1.7,1.7,0.35,0.35,0.35,0.35,15,65,75
6,5,2,4100,1000,1,,,1.8,0.004,70,70,70,70,1.8,1.8,1.8,1.8,0.35,0.35,0.35,0.35,15,65,75
6,6,2,4100,1000,1,,,1.8,0.004,70,70,70,70,1.8,1.8,1.8,1.8,0.35,0.35,0.35,0.35,15,65,75
6,7,2,4100,1000,1,,,1.8,0.001,80,80,80,80,1.8,1.8,1.8,1.8,0.35,0.35,0.35,0.35,15,75,85
6,8,2,4100,1000,1,,,1.8,0.004,80,80,80,80,1.9,1.9,1.9,1.9,0.35,0.35,0.35,0.35,15,75,85
6,9,2,4100,1000,1,,,1.5,0.001,80,80,80,80,1.9,1.9,1.9,1.9,0.35,0.35,0.35,0.35,15,75,85
6,10,2,4100,1000,1,,,1.5,0.001,80,80,80,80,2,2,2,2,0.35,0.35,0.35,0.35,15,75,85
6,11,2,4100,1000,1,,,1.5,0,80,80,80,80,2,2,2,2,0.35,0.35,0.35,0.35,1,75,85
6,12,2,4100,1000,1,,,1.5,0,90,90,90,90,2.1,2.1,2.1,2.1,0.35,0.35,0.35,0.35,2,85,95
6,13,2,4100,1000,1,,,1.5,0,90,90,90,90,2.1,2.1,2.1,2.1,0.35,0.35,0.35,0.35,4,85,95
6,14,2,4100,1000,1,,,1.5,0,100,100,100,100,2.3,2.3,2.3,2.3,0.35,0.35,0.35,0.35,15,95,105
6,15,2,4100,1000,1,,,1.5,0,100,100,100,100,2.4,2.4,2.4,2.4,0.35,0.35,0.35,0.35,15,95,105
7,1,2,4100,1000,1,,,2,0.015,70,70,70,70,1.7,1.7,1.7,1.7,0.35,0.35,0.35,0.35,15,65,75
7,2,2,4100,1000,1,,,2,0.012,70,70,70,70,1.7,1.7,1.7,1.7,0.35,0.35,0.35,0.35,15,65,75
7,3,2,4100,1000,1,,,2,0.01,70,70,70,70,1.7,1.7,1.7,1.7,0.35,0.35,0.35,0.35,15,65,75
7,4,2,4100,1000,1,,,2,0.01,70,70,70,70,1.7,1.7,1.7,1.7,0.35,0.35,0.35,0.35,15,65,75
7,5,2,4100,1000,1,,,1.8,0.004,70,70,70,70,1.8,1.8,1.8,1.8,0.35,0.35,0.35,0.35,15,65,75
7,6,2,4100,1000,1,,,1.8,0.004,70,70,70,70,1.8,1.8,1.8,1.8,0.35,0.35,0.35,0.35,15,65,75
7,7,2,4100,1000,1,,,1.8,0.001,80,80,80,80,1.8,1.8,1.8,1.8,0.35,0.35,0.35,0.35,15,75,85
7,8,2,4100,1000,1,,,1.8,0.004,80,80,80,80,1.9,1.9,1.9,1.9,0.35,0.35,0.35,0.35,15,75,85
7,9,2,4100,1000,1,,,1.5,0.001,80,80,80,80,1.9,1.9,1.9,1.9,0.35,0.35,0.35,0.35,15,75,85
7,10,2,4100,1000,1,,,1.5,0.001,80,80,80,80,2,2,2,2,0.35,0.35,0.35,0.35,15,75,85
7,11,2,4100,1000,1,,,1.5,0,80,80,80,80,2,2,2,2,0.35,0.35,0.35,0.35,15,75,85
7,12,2,4100,1000,1,,,1.5,0,90,90,90,90,2.1,2.1,2.1,2.1,0.35,0.35,0.35,0.35,15,85,95
7,13,2,4100,1000,1,,,1.5,0,90,90,90,90,2.1,2.1,2.1,2.1,0.35,0.35,0.35,0.35,1,85,95
7,14,2,4100,1000,1,,,1.5,0,100,100,100,100,2.3,2.3,2.3,2.3,0.35,0.35,0.35,0.35,2,95,105
7,15,2,4100,1000,1,,,1.5,0,100,100,100,100,2.4,2.4,2.4,2.4,0.35,0.35,0.35,0.35,4.5,95,105
8,1,2,4100,1000,1,,,2,0.015,70,70,70,70,1.7,1.7,1.7,1.7,0.35,0.35,0.35,0.35,15,65,75
8,2,2,4100,1000,1,,,2,0.012,70,70,70,70,1.7,1.7,1.7,1.7,0.35,0.35,0.35,0.35,15,65,75
8,3,2,4100,1000,1,,,2,0.01,70,70,70,70,1.7,1.7,1.7,1.7,0.35,0.35,0.35,0.35,15,65,75
8,4,2,4100,1000,1,,,2,0.01,70,70,70,70,1.7,1.7,1.7,1.7,0.35,0.35,0.35,0.35,15,65,75
8,5,2,4100,1000,1,,,1.8,0.004,70,70,70,70,1.8,1.8,1.8,1.8,0.35,0.35,0.35,0.35,15,65,75
8,6,2,4100,1000,1,,,1.8,0.004,70,70,70,70,1.8,1.8,1.8,1.8,0.35,0.35,0.35,0.35,15,65,75
8,7,2,4100,1000,1,,,1.8,0.001,80,80,80,80,1.8,1.8,1.8,1.8,0.35,0.35,0.35,0.35,15,75,85
8,8,2,4100,1000,1,,,1.8,0.004,80,80,80,80,1.9,1.9,1.9,1.9,0.35,0.35,0.35,0.35,15,75,85
8,9,2,4100,1000,1,,,1.5,0.001,80,80,80,80,1.9,1.9,1.9,1.9,0.35,0.35,0.35,0.35,15,75,85
8,10,2,4100,1000,1,,,1.5,0.001,80,80,80,80,2,2,2,2,0.35,0.35,0.35,0.35,15,75,85
8,11,2,4100,1000,1,,,1.5,0,80,80,80,80,2,2,2,2,0.35,0.35,0.35,0.35,15,75,85
8,12,2,4100,1000,1,,,1.5,0,90,90,90,90,2.1,2.1,2.1,2.1,0.35,0.35,0.35,0.35,15,85,95
8,13,2,4100,1000,1,,,1.5,0,90,90,90,90,2.1,2.1,2.1,2.1,0.35,0.35,0.35,0.35,15,85,95
8,14,2,4100,1000,1,,,1.5,0,100,100,100,100,2.3,2.3,2.3,2.3,0.35,0.35,0.35,0.35,15,95,105
8,15,2,4100,1000,1,,,1.5,0,100,100,100,100,2.4,2.4,2.4,2.4,0.35,0.35,0.35,0.35,1,95,105
9,1,2,4100,1000,1,,,2,0.015,70,70,70,70,1.7,1.7,1.7,1.7,0.35,0.35,0.35,0.35,2.5,65,75
9,2,2,4100,1000,1,,,2,0.012,70,70,70,70,1.7,1.7,1.7,1.7,0.35,0.35,0.35,0.35,5,65,75
9,3,2,4100,1000,1,,,2,0.01,70,70,70,70,1.7,1.7,1.7,1.7,0.35,0.35,0.35,0.35,15,65,75
9,4,2,4100,1000,1,,,2,0.01,70,70,70,70,1.7,1.7,1.7,1.7,0.35,0.35,0.35,0.35,15,65,75
9,5,2,4100,1000,1,,,1.8,0.004,70,70,70,70,1.8,1.8,1.8,1.8,0.35,0.35,0.35,0.35,15,65,75
9,6,2,4100,1000,1,,,1.8,0.004,70,70,70,70,1.8,1.8,1.8,1.8,0.35,0.35,0.35,0.35,15,65,75
9,7,2,4100,1000,1,,,1.8,0.001,80,80,80,80,1.8,1.8,1.8,1.8,0.35,0.35,0.35,0.35,15,75,85
9,8,2,4100,1000,1,,,1.8,0.004,80,80,80,80,1.9,1.9,1.9,1.9,0.35,0.35,0.35,0.35,15,75,85
9,9,2,4100,1000,1,,,1.5,0.001,80,80,80,80,1.9,1.9,1.9,1.9,0.35,0.35,0.35,0.35,15,75,85
9,10,2,4100,1000,1,,,1.5,0.001,80,80,80,80,2,2,2,2,0.35,0.35,0.35,0.35,15,75,85
9,11,2,4100,1000,1,,,1.5,0,80,80,80,80,2,2,2,2,0.35,0.35,0.35,0.35,15,75,85
9,12,2,4100,1000,1,,,1.5,0,90,90,90,90,2.1,2.1,2.1,2.1,0.35,0.35,0.35,0.35,15,85,95
9,13,2,4100,1000,1,,,1.5,0,90,90,90,90,2.1,2.1,2.1,2.1,0.35,0.35,0.35,0.35,15,85,95
9,14,2,4100,1000,1,,,1.5,0,100,100,100,100,2.3,2.3,2.3,2.3,0.35,0.35,0.35,0.35,15,95,105
9,15,2,4100,1000,1,,,1.5,0,100,100,100,100,2.4,2.4,2.4,2.4,0.35,0.35,0.35,0.35,15,95,105
10,1,2,4100,1000,1,,,2,0.015,70,70,70,70,1.7,1.7,1.7,1.7,0.35,0.35,0.35,0.35,15,65,75
10,2,2,4100,1000,1,,,2,0.012,70,70,70,70,1.7,1.7,1.7,1.7,0.35,0.35,0.35,0.35,1,65,75
10,3,2,4100,1000,1,,,2,0.01,70,70,70,70,1.7,1.7,1.7,1.7,0.35,0.35,0.35,0.35,2.5,65,75
10,4,2,4100,1000,1,,,2,0.01,70,70,70,70,1.7,1.7,1.7,1.7,0.35,0.35,0.35,0.35,5.5,65,75
10,5,2,4100,1000,1,,,1.8,0.004,70,70,70,70,1.8,1.8,1.8,1.8,0.35,0.35,0.35,0.35,15,65,75
10,6,2,4100,1000,1,,,1.8,0.004,70,70,70,70,1.8,1.8,1.8,1.8,0.35,0.35,0.35,0.35,15,65,75
10,7,2,4100,1000,1,,,1.8,0.001,80,80,80,80,1.8,1.8,1.8,1.8,0.35,0.35,0.35,0.35,15,75,85
10,8,2,4100,1000,1,,,1.8,0.004,80,80,80,80,1.9,1.9,1.9,1.9,0.35,0.35,0.35,0.35,15,75,85
10,9,2,4100,1000,1,,,1.5,0.001,80,80,80,80,1.9,1.9,1.9,1.9,0.35,0.35,0.35,0.35,15,75,85
10,10,2,4100,1000,1,,,1.5,0.001,80,80,80,80,2,2,2,2,0.35,0.35,0.35,0.35,15,75,85
10,11,2,4100,1000,1,,,1.5,0,80,80,80,80,2,2,2,2,0.35,0.35,0.35,0.35,15,75,85
10,12,2,4100,1000,1,,,1.5,0,90,90,90,90,2.1,2.1,2.1,2.1,0.35,0.35,0.35,0.35,15,85,95
10,13,2,4100,1000,1,,,1.5,0,90,90,90,90,2.1,2.1,2.1,2.1,0.35,0.35,0.35,0.35,15,85,95
10,14,2,4100,1000,1,,,1.5,0,100,100,100,100,2.3,2.3,2.3,2.3,0.35,0.35,0.35,0.35,15,95,105
10,15,2,4100,1000,1,,,1.5,0,100,100,100,100,2.4,2.4,2.4,2.4,0.35,0.35,0.35,0.35,15,95,105
11,1,2,4100,1000,1,,,2,0.015,70,70,70,70,1.7,1.7,1.7,1.7,0.35,0.35,0.35,0.35,15,65,75
11,2,2,4100,1000,1,,,2,0.012,70,70,70,70,1.7,1.7,1.7,1.7,0.35,0.35,0.35,0.35,15,65,75
11,3,2,4100,1000,1,,,2,0.01,70,70,70,70,1.7,1.7,1.7,1.7,0.35,0.35,0.35,0.35,15,65,75
11,4,2,4100,1000,1,,,2,0.01,70,70,70,70,1.7,1.7,1.7,1.7,0.35,0.35,0.35,0.35,1,65,75
11,5,2,4100,1000,1,,,1.8,0.004,70,70,70,70,1.8,1.8,1.8,1.8,0.35,0.35,0.35,0.35,2.5,65,75
11,6,2,4100,1000,1,,,1.8,0.004,70,70,70,70,1.8,1.8,1.8,1.8,0.35,0.35,0.35,0.35,6,65,75
11,7,2,4100,1000,1,,,1.8,0.001,80,80,80,80,1.8,1.8,1.8,1.8,0.35,0.35,0.35,0.35,15,75,85
11,8,2,4100,1000,1,,,1.8,0.004,80,80,80,80,1.9,1.9,1.9,1.9,0.35,0.35,0.35,0.35,15,75,85
11,9,2,4100,1000,1,,,1.5,0.001,80,80,80,80,1.9,1.9,1.9,1.9,0.35,0.35,0.35,0.35,15,75,85
11,10,2,4100,1000,1,,,1.5,0.001,80,80,80,80,2,2,2,2,0.35,0.35,0.35,0.35,15,75,85
11,11,2,4100,1000,1,,,1.5,0,80,80,80,80,2,2,2,2,0.35,0.35,0.35,0.35,15,75,85
11,12,2,4100,1000,1,,,1.5,0,90,90,90,90,2.1,2.1,2.1,2.1,0.35,0.35,0.35,0.35,15,85,95
11,13,2,4100,1000,1,,,1.5,0,90,90,90,90,2.1,2.1,2.1,2.1,0.35,0.35,0.35,0.35,15,85,95
11,14,2,4100,1000,1,,,1.5,0,100,100,100,100,2.3,2.3,2.3,2.3,0.35,0.35,0.35,0.35,15,95,105
11,15,2,4100,1000,1,,,1.5,0,100,100,100,100,2.4,2.4,2.4,2.4,0.35,0.35,0.35,0.35,15,95,105
12,1,2,4100,1000,1,,,2,0.015,70,70,70,70,1.7,1.7,1.7,1.7,0.35,0.35,0.35,0.35,15,65,75
12,2,2,4100,1000,1,,,2,0.012,70,70,70,70,1.7,1.7,1.7,1.7,0.35,0.35,0.35,0.35,15,65,75
12,3,2,4100,1000,1,,,2,0.01,70,70,70,70,1.7,1.7,1.7,1.7,0.35,0.35,0.35,0.35,15,65,75
12,4,2,4100,1000,1,,,2,0.01,70,70,70,70,1.7,1.7,1.7,1.7,0.35,0.35,0.35,0.35,15,65,75
12,5,2,4100,1000,1,,,1.8,0.004,70,70,70,70,1.8,1.8,1.8,1.8,0.35,0.35,0.35,0.35,15,65,75
12,6,2,4100,1000,1,,,1.8,0.004,70,70,70,70,1.8,1.8,1.8,1.8,0.35,0.35,0.35,0.35,1,65,75
12,7,2,4100,1000,1,,,1.8,0.001,80,80,80,80,1.8,1.8,1.8,1.8,0.35,0.35,0.35,0.35,3,75,85
12,8,2,4100,1000,1,,,1.8,0.004,80,80,80,80,1.9,1.9,1.9,1.9,0.35,0.35,0.35,0.35,6.5,75,85
12,9,2,4100,1000,1,,,1.5,0.001,80,80,80,80,1.9,1.9,1.9,1.9,0.35,0.35,0.35,0.35,15,75,85
12,10,2,4100,1000,1,,,1.5,0.001,80,80,80,80,2,2,2,2,0.35,0.35,0.35,0.35,15,75,85
12,11,2,4100,1000,1,,,1.5,0,80,80,80,80,2,2,2,2,0.35,0.35,0.35,0.35,15,75,85
12,12,2,4100,1000,1,,,1.5,0,90,90,90,90,2.1,2.1,2.1,2.1,0.35,0.35,0.35,0.35,15,85,95
12,13,2,4100,1000,1,,,1.5,0,90,90,90,90,2.1,2.1,2.1,2.1,0.35,0.35,0.35,0.35,15,85,95
12,14,2,4100,1000,1,,,1.5,0,100,100,100,100,2.3,2.3,2.3,2.3,0.35,0.35,0.35,0.35,15,95,105
12,15,2,4100,1000,1,,,1.5,0,100,100,100,100,2.4,2.4,2.4,2.4,0.35,0.35,0.35,0.35,15,95,105
13,1,2,4100,1000,1,,,2,0.015,70,70,70,70,1.7,1.7,1.7,1.7,0.35,0.35,0.35,0.35,15,65,75
13,2,2,4100,1000,1,,,2,0.012,70,70,70,70,1.7,1.7,1.7,1.7,0.35,0.35,0.35,0.35,15,65,75
13,3,2,4100,1000,1,,,2,0.01,70,70,70,70,1.7,1.7,1.7,1.7,0.35,0.35,0.35,0.35,15,65,75
13,4,2,4100,1000,1,,,2,0.01,70,70,70,70,1.7,1.7,1.7,1.7,0.35,0.35,0.35,0.35,15,65,75
13,5,2,4100,1000,1,,,1.8,0.004,70,70,70,70,1.8,1.8,1.8,1.8,0.35,0.35,0.35,0.35,15,65,75
13,6,2,4100,1000,1,,,1.8,0.004,70,70,70,70,1.8,1.8,1.8,1.8,0.35,0.35,0.35,0.35,15,65,75
13,7,2,4100,1000,1,,,1.8,0.001,80,80,80,80,1.8,1.8,1.8,1.8,0.35,0.35,0.35,0.35,15,75,85
13,8,2,4100,1000,1,,,1.8,0.004,80,80,80,80,1.9,1.9,1.9,1.9,0.35,0.35,0.35,0.35,1,75,85
13,9,2,4100,1000,1,,,1.5,0.001,80,80,80,80,1.9,1.9,1.9,1.9,0.35,0.35,0.35,0.35,4,75,85
13,10,2,4100,1000,1,,,1.5,0.001,80,80,80,80,2,2,2,2,0.35,0.35,0.35,0.35,7,75,85
13,11,2,4100,1000,1,,,1.5,0,80,80,80,80,2,2,2,2,0.35,0.35,0.35,0.35,15,75,85
13,12,2,4100,1000,1,,,1.5,0,90,90,90,90,2.1,2.1,2.1,2.1,0.35,0.35,0.35,0.35,15,85,95
13,13,2,4100,1000,1,,,1.5,0,90,90,90,90,2.1,2.1,2.1,2.1,0.35,0.35,0.35,0.35,15,85,95
13,14,2,4100,1000,1,,,1.5,0,100,100,100,100,2.3,2.3,2.3,2.3,0.35,0.35,0.35,0.35,15,95,105
13,15,2,4100,1000,1,,,1.5,0,100,100,100,100,2.4,2.4,2.4,2.4,0.35,0.35,0.35,0.35,15,95,105
14,1,2,4100,1000,1,,,2,0.015,70,70,70,70,1.7,1.7,1.7,1.7,0.35,0.35,0.35,0.35,15,65,75
14,2,2,4100,1000,1,,,2,0.012,70,70,70,70,1.7,1.7,1.7,1.7,0.35,0.35,0.35,0.35,15,65,75
14,3,2,4100,1000,1,,,2,0.01,70,70,70,70,1.7,1.7,1.7,1.7,0.35,0.35,0.35,0.35,15,65,75
14,4,2,4100,1000,1,,,2,0.01,70,70,70,70,1.7,1.7,1.7,1.7,0.35,0.35,0.35,0.35,15,65,75
14,5,2,4100,1000,1,,,1.8,0.004,70,70,70,70,1.8,1.8,1.8,1.8,0.35,0.35,0.35,0.35,15,65,75
14,6,2,4100,1000,1,,,1.8,0.004,70,70,70,70,1.8,1.8,1.8,1.8,0.35,0.35,0.35,0.35,15,65,75
14,7,2,4100,1000,1,,,1.8,0.001,80,80,80,80,1.8,1.8,1.8,1.8,0.35,0.35,0.35,0.35,15,75,85
14,8,2,4100,1000,1,,,1.8,0.004,80,80,80,80,1.9,1.9,1.9,1.9,0.35,0.35,0.35,0.35,15,75,85
14,9,2,4100,1000,1,,,1.5,0.001,80,80,80,80,1.9,1.9,1.9,1.9,0.35,0.35,0.35,0.35,15,75,85
14,10,2,4100,1000,1,,,1.5,0.001,80,80,80,80,2,2,2,2,0.35,0.35,0.35,0.35,1,75,85
14,11,2,4100,1000,1,,,1.5,0,80,80,80,80,2,2,2,2,0.35,0.35,0.35,0.35,5,75,85
14,12,2,4100,1000,1,,,1.5,0,90,90,90,90,2.1,2.1,2.1,2.1,0.35,0.35,0.35,0.35,7.5,85,95
14,13,2,4100,1000,1,,,1.5,0,90,90,90,90,2.1,2.1,2.1,2.1,0.35,0.35,0.35,0.35,15,85,95
14,14,2,4100,1000,1,,,1.5,0,100,100,100,100,2.3,2.3,2.3,2.3,0.35,0.35,0.35,0.35,15,95,105
14,15,2,4100,1000,1,,,1.5,0,100,100,100,100,2.4,2.4,2.4,2.4,0.35,0.35,0.35,0.35,15,95,105
15,1,2,4100,1000,1,,,2,0.015,70,70,70,70,1.7,1.7,1.7,1.7,0.35,0.35,0.35,0.35,15,65,75
15,2,2,4100,1000,1,,,2,0.012,70,70,70,70,1.7,1.7,1.7,1.7,0.35,0.35,0.35,0.35,15,65,75
15,3,2,4100,1000,1,,,2,0.01,70,70,70,70,1.7,1.7,1.7,1.7,0.35,0.35,0.35,0.35,15,65,75
15,4,2,4100,1000,1,,,2,0.01,70,70,70,70,1.7,1.7,1.7,1.7,0.35,0.35,0.35,0.35,15,65,75
15,5,2,4100,1000,1,,,1.8,0.004,70,70,70,70,1.8,1.8,1.8,1.8,0.35,0.35,0.35,0.35,15,65,75
15,6,2,4100,1000,1,,,1.8,0.004,70,70,70,70,1.8,1.8,1.8,1.8,0.35,0.35,0.35,0.35,15,65,75
15,7,2,4100,1000,1,,,1.8,0.001,80,80,80,80,1.8,1.8,1.8,1.8,0.35,0.35,0.35,0.35,15,75,85
15,8,2,4100,1000,1,,,1.8,0.004,80,80,80,80,1.9,1.9,1.9,1.9,0.35,0.35,0.35,0.35,15,75,85
15,9,2,4100,1000,1,,,1.5,0.001,80,80,80,80,1.9,1.9,1.9,1.9,0.35,0.35,0.35,0.35,15,75,85
15,10,2,4100,1000,1,,,1.5,0.001,80,80,80,80,2,2,2,2,0.35,0.35,0.35,0.35,1,75,85
15,11,2,4100,1000,1,,,1.5,0,80,80,80,80,2,2,2,2,0.35,0.35,0.35,0.35,5,75,85
15,12,2,4100,1000,1,,,1.5,0,90,90,90,90,2.1,2.1,2.1,2.1,0.35,0.35,0.35,0.35,7.5,85,95
15,13,2,4100,1000,1,,,1.5,0,90,90,90,90,2.1,2.1,2.1,2.1,0.35,0.35,0.35,0.35,15,85,95
15,14,2,4100,1000,1,,,1.5,0,100,100,100,100,2.3,2.3,2.3,2.3,0.35,0.35,0.35,0.35,15,95,105
15,15,2,4100,1000,1,,,1.5,0,100,100,100,100,2.4,2.4,2.4,2.4,0.35,0.35,0.35,0.35,15,95,105
